{"cameraMode":{"drawMode":0,"name":"Shaded","section":"Shading Mode"},"sceneLighting":false,"audioPlay":false,"sceneViewState":{"showFog":true,"showMaterialUpdate":true,"showSkybox":false,"showFlares":true,"showImageEffects":true,"showParticleSystems":true},"in2DMode":false,"pivot":{"x":16.2313232421875,"y":15.408256530761719,"z":-36.454437255859378},"rotation":{"x":-0.02937922067940235,"y":-0.5899462103843689,"z":0.02134559489786625,"w":-0.8069932460784912},"size":467.724365234375,"orthographic":false}