{"cameraMode":{"drawMode":0,"name":"Shaded","section":"Shading Mode"},"sceneLighting":false,"audioPlay":false,"sceneViewState":{"showFog":true,"showMaterialUpdate":true,"showSkybox":false,"showFlares":true,"showImageEffects":true,"showParticleSystems":true},"in2DMode":false,"pivot":{"x":-141.9884796142578,"y":147.80320739746095,"z":252.27587890625},"rotation":{"x":0.35208413004875185,"y":0.5934600830078125,"z":-0.31724074482917788,"w":0.6512327194213867},"size":3.34315824508667,"orthographic":false}