{"cameraMode":{"drawMode":0,"name":"Shaded","section":"Shading Mode"},"sceneLighting":true,"audioPlay":false,"sceneViewState":{"showFog":true,"showMaterialUpdate":true,"showSkybox":true,"showFlares":true,"showImageEffects":true,"showParticleSystems":true},"in2DMode":false,"pivot":{"x":-89.38605499267578,"y":189.03660583496095,"z":278.43145751953127},"rotation":{"x":0.0657336413860321,"y":-0.6806656718254089,"z":-0.06355132907629013,"w":-0.727509081363678},"size":51.23085403442383,"orthographic":false}