{"cameraMode":{"drawMode":0,"name":"Shaded","section":"Shading Mode"},"sceneLighting":false,"audioPlay":false,"sceneViewState":{"showFog":true,"showMaterialUpdate":true,"showSkybox":false,"showFlares":true,"showImageEffects":true,"showParticleSystems":true},"in2DMode":false,"pivot":{"x":-22.29170799255371,"y":-1.5668997764587403,"z":-7.897095203399658},"rotation":{"x":0.11817628890275955,"y":-0.774840772151947,"z":0.1520829200744629,"w":0.6021127700805664},"size":54.27273941040039,"orthographic":false}